source1_entity_id	matched_entity_ids
S3-73938472	S2-718480121
S3-892547456	S2-485748674
S2-554899730	S2-757965845
S2-699224357	S3-774839719
S2-495837003	S2-598240657
S2-82693962	S2-340444360
S3-129448854	S3-776674309
S3-302955283	S2-372482270
S3-591057900	S3-170134173
S3-261543392	S3-170134173,S3-591057900
S1-717749279	S3-725281466
S2-396634330	S2-817112168
S1-598934460	S3-392964257
S2-403476558	S3-657521433
S3-613959413	S2-757965845
S2-198581484	S3-838750832
S1-720336913	S3-771777105
S1-857992844	S1-80873383
S3-780090761	S2-508053426,S3-385268643
S2-358267895	S2-346644481
S1-276402071	S3-556228627
S2-375101252	S2-212302559,S3-675446230
S2-184838356	S3-934577839
S3-320255402	S3-17625050
S3-980590060	S3-902572777
S2-598240657	S3-993374277
S1-670774972	S2-229203598
S3-343491131	S3-626293954
S2-392595553	S3-208520456
S2-500812252	S2-81665438
S1-197280203	S3-857183109
